Date,Value,Cumulative Value,Link
2024-01-01,61,61,https://reddit.com
2024-01-01,24,85,https://google.com
2024-01-01,81,166,https://google.com
2024-01-02,70,236,https://reddit.com
2024-01-02,30,266,https://github.com
2024-01-03,92,358,https://wikipedia.org
2024-01-03,96,454,https://wikipedia.org
2024-01-04,84,538,https://wikipedia.org
2024-01-04,84,622,https://reddit.com
2024-01-05,97,719,https://google.com
2024-01-05,33,752,https://reddit.com
2024-01-06,12,764,https://reddit.com
2024-01-07,31,795,https://youtube.com
2024-01-08,62,857,https://google.com
2024-01-09,11,868,https://youtube.com
2024-01-10,97,965,https://stackoverflow.com
2024-01-11,39,1004,https://google.com
2024-01-12,47,1051,https://google.com
2024-01-13,11,1062,https://google.com
2024-01-14,73,1135,https://wikipedia.org
2024-01-15,69,1204,https://wikipedia.org
2024-01-16,30,1234,https://youtube.com
2024-01-17,42,1276,https://youtube.com
2024-01-18,85,1361,https://google.com
2024-01-19,67,1428,https://youtube.com
2024-01-20,31,1459,https://wikipedia.org
2024-01-21,98,1557,https://reddit.com
2024-01-22,58,1615,https://reddit.com
2024-01-23,68,1683,https://reddit.com
2024-01-24,51,1734,https://youtube.com
